creator,created_on
2Naive4MyOwnGood,2020-04-15 14:53:00
2Naive4MyOwnGood,2020-05-04 19:23:00
2Naive4MyOwnGood,2020-04-28 13:08:00
2roots1cusp,2020-06-07 13:37:00
2roots1cusp,2020-06-07 18:18:00
2roots1cusp,2020-06-08 11:17:00
AdTheBad,2020-04-30 05:33:00
AdTheBad,2020-06-05 09:04:00
AdTheBad,2020-05-07 16:51:00
AdTheBad,2020-04-15 07:42:00
AdTheBad,2020-06-05 10:03:00
African-Daoist,2020-05-14 11:34:00
African-Daoist,2020-06-18 07:33:00
AwakenANew45,2020-06-09 07:53:00
Azure Nomad,2020-06-05 13:03:00
Azure Nomad,2020-04-04 02:57:00
Azure Nomad,2020-05-08 01:45:00
Azure Nomad,2020-04-07 13:44:00
Azure Nomad,2020-04-07 13:50:00
Azure Nomad,2020-05-29 03:47:00
Azure Nomad,2020-06-13 01:32:00
Azure Nomad,2020-06-01 02:23:00
Azure Nomad,2020-05-27 00:26:00
Azure Nomad,2020-05-26 01:58:00
Azure Nomad,2020-05-08 01:41:00
Azure Nomad,2020-04-07 13:34:00
Azure Nomad,2020-04-04 02:51:00
Azure Nomad,2020-04-07 13:41:00
Azure Nomad,2020-05-16 02:54:00
Azure Nomad,2020-05-26 02:15:00
Azure Nomad,2020-06-13 01:27:00
Azure Nomad,2020-05-26 02:02:00
Azure Nomad,2020-06-05 12:58:00
Azure Nomad,2020-05-14 03:03:00
Azure Nomad,2020-05-08 01:34:00
Azure Nomad,2020-05-29 04:00:00
BilBoRing,2020-05-01 13:47:00
BilBoRing,2020-05-08 02:23:00
BilBoRing,2020-04-08 22:01:00
BilBoRing,2020-06-08 02:58:00
BilBoRing,2020-06-20 03:07:00
BilBoRing,2020-04-23 22:02:00
BilBoRing,2020-05-06 23:35:00
BilBoRing,2020-05-13 22:08:00
BilBoRing,2020-04-01 21:32:00
BilBoRing,2020-04-23 00:55:00
BilBoRing,2020-05-10 17:20:00
BilBoRing,2020-05-11 18:29:00
BilBoRing,2020-05-25 22:30:00
BilBoRing,2020-06-20 16:19:00
BilBoRing,2020-04-08 21:58:00
BilBoRing,2020-04-23 01:10:00
BilBoRing,2020-06-16 17:33:00
BilBoRing,2020-05-10 03:02:00
BilBoRing,2020-05-10 20:35:00
BilBoRing,2020-04-08 22:00:00
BilBoRing,2020-04-23 00:31:00
Blade,2020-06-06 08:21:00
Blade,2020-05-23 09:00:00
Blade,2020-06-15 22:04:00
Blade,2020-06-05 19:38:00
Blade,2020-06-01 07:35:00
Blade,2020-05-21 22:07:00
Blade,2020-05-23 07:03:00
Blade,2020-05-30 10:41:00
Blade,2020-05-31 21:25:00
Blade,2020-06-05 21:46:00
Blade,2020-06-06 09:52:00
Blade,2020-05-31 23:44:00
Blade,2020-05-29 04:40:00
Blade,2020-06-01 20:48:00
Boar,2020-05-08 18:01:00
Boar,2020-06-23 13:15:00
Boar,2020-05-10 12:59:00
Boar,2020-04-02 17:11:00
Boar,2020-06-04 13:39:00
Boar,2020-04-23 17:27:00
Boar,2020-04-27 20:39:00
Boar,2020-05-12 19:19:00
Boar,2020-06-09 19:27:00
Boar,2020-06-11 19:22:00
Boar,2020-04-22 13:13:00
Boar,2020-04-12 00:09:00
Boar,2020-04-15 18:13:00
Boar,2020-04-23 17:42:00
Boar,2020-04-02 18:52:00
Boar,2020-04-16 00:00:00
Boar,2020-05-08 19:50:00
Boar,2020-05-07 20:43:00
Boar,2020-04-08 20:19:00
Boar,2020-05-10 20:34:00
Boar,2020-06-08 18:13:00
Boar,2020-05-05 00:41:00
Boar,2020-05-05 00:30:00
Boar,2020-05-02 20:44:00
Boar,2020-04-13 17:10:00
Boar,2020-04-04 13:48:00
Boar,2020-04-22 15:52:00
Boar,2020-04-12 01:54:00
Boar,2020-04-30 11:46:00
Boar,2020-04-20 11:25:00
Boar,2020-04-12 18:40:00
Boar,2020-04-14 18:19:00
Boar,2020-04-30 12:00:00
Boar,2020-06-16 18:12:00
Boar,2020-04-19 16:44:00
Boar,2020-05-02 20:14:00
Boar,2020-06-03 19:45:00
Boar,2020-05-13 22:55:00
Boar,2020-06-03 20:03:00
Boar,2020-04-07 03:18:00
Boar,2020-05-08 11:41:00
Boar,2020-04-05 12:04:00
Boar,2020-04-04 02:45:00
Boar,2020-04-21 18:08:00
Boar,2020-05-16 23:38:00
Boar,2020-04-08 16:53:00
Boar,2020-06-19 11:41:00
Boar,2020-04-01 18:10:00
Boar,2020-04-11 12:11:00
Boar,2020-06-03 21:21:00
Boar,2020-05-14 15:09:00
Boar,2020-04-26 15:36:00
Boar,2020-04-27 14:56:00
Boar,2020-04-29 12:33:00
Boar,2020-04-30 13:06:00
Boar,2020-06-07 22:25:00
Bonobo Protocol,2020-05-20 10:38:00
Bonobo Protocol,2020-06-17 10:49:00
Bonobo Protocol,2020-06-17 12:54:00
Bonobo Protocol,2020-05-14 10:23:00
Bonobo Protocol,2020-05-15 10:47:00
Bonobo Protocol,2020-06-16 13:08:00
Bonobo Protocol,2020-06-11 14:23:00
Bonobo Protocol,2020-06-21 21:02:00
Bonobo Protocol,2020-05-13 18:28:00
Bonobo Protocol,2020-06-12 10:16:00
Bonobo Protocol,2020-06-11 14:18:00
Bonobo Protocol,2020-06-11 14:56:00
Bonobo Protocol,2020-06-12 10:19:00
Bonobo Protocol,2020-04-14 17:20:00
Bonobo Protocol,2020-06-18 14:48:00
Bonobo Protocol,2020-06-17 12:59:00
Bonobo Protocol,2020-06-21 20:56:00
Bonobo Protocol,2020-05-04 14:54:00
Bonobo Protocol,2020-06-11 10:41:00
Bonobo Protocol,2020-04-17 18:58:00
Bonobo Protocol,2020-06-17 12:50:00
Bonobo Protocol,2020-04-14 11:03:00
Bonobo Protocol,2020-06-11 14:19:00
Bonobo Protocol,2020-06-11 10:27:00
Bonobo Protocol,2020-05-12 10:50:00
Bonobo Protocol,2020-05-18 10:47:00
Bonobo Protocol,2020-05-12 14:24:00
Bonobo Protocol,2020-06-11 11:21:00
Bonobo Protocol,2020-05-15 10:50:00
Bonobo Protocol,2020-06-12 13:03:00
Bonobo Protocol,2020-06-11 11:19:00
Bonobo Protocol,2020-05-15 10:34:00
Bonobo Protocol,2020-05-15 10:25:00
Bonobo Protocol,2020-06-17 10:46:00
Bonobo Protocol,2020-05-15 10:17:00
Bonobo Protocol,2020-06-19 16:46:00
Bonobo Protocol,2020-04-28 12:45:00
Bonobo Protocol,2020-06-22 23:21:00
Bonobo Protocol,2020-06-12 10:21:00
Bonobo Protocol,2020-04-13 18:09:00
Bonobo Protocol,2020-06-17 10:58:00
CPRA,2020-06-08 01:42:00
CPRA,2020-04-12 19:42:00
CPRA,2020-04-13 16:53:00
CPRA,2020-04-15 00:04:00
CPRA,2020-04-18 17:05:00
CPRA,2020-05-03 16:56:00
CPRA,2020-04-08 13:34:00
CPRA,2020-05-01 21:17:00
CPRA,2020-05-16 14:18:00
CPRA,2020-04-11 05:43:00
CPRA,2020-04-13 16:39:00
CPRA,2020-05-08 02:20:00
CPRA,2020-04-30 20:23:00
CPRA,2020-05-07 05:13:00
CPRA,2020-04-19 14:04:00
CPRA,2020-05-02 17:02:00
CPRA,2020-06-16 02:20:00
CPRA,2020-04-11 15:54:00
CPRA,2020-06-27 18:11:00
CPRA,2020-05-04 18:26:00
CPRA,2020-04-30 18:25:00
CPRA,2020-05-02 19:19:00
CPRA,2020-04-30 06:39:00
CPRA,2020-04-15 19:54:00
CPRA,2020-05-06 16:55:00
CPRA,2020-04-23 15:50:00
CPRA,2020-06-27 19:26:00
CPRA,2020-04-16 22:23:00
CPRA,2020-06-18 18:50:00
CPRA,2020-04-27 19:58:00
CPRA,2020-04-13 16:46:00
CultVoid,2020-04-07 15:50:00
CultVoid,2020-04-21 18:34:00
DarkHorse,2020-04-25 15:08:00
DarkHorse,2020-04-26 20:09:00
DarkHorse,2020-04-25 04:34:00
DarkHorse,2020-04-25 03:45:00
DarkHorse,2020-04-25 00:45:00
DarkHorse,2020-04-25 15:02:00
DarkHorse,2020-05-03 09:01:00
DarkHorse,2020-04-25 06:09:00
DarkHorse,2020-04-26 07:15:00
DarkHorse,2020-04-26 08:57:00
DarkHorse,2020-04-25 03:42:00
DarkHorse,2020-04-25 04:25:00
DarkHorse,2020-04-25 05:43:00
DarkHorse,2020-04-24 10:58:00
DarkHorse,2020-04-25 08:58:00
DarkHorse,2020-04-25 03:17:00
DarkHorse,2020-04-24 23:43:00
DarkHorse,2020-04-25 15:14:00
DarkHorse,2020-05-14 14:37:00
DarkHorse,2020-05-14 14:44:00
Eddie Willers,2020-04-13 03:31:00
Eddie Willers,2020-06-24 03:53:00
Eddie Willers,2020-04-29 03:36:00
Eddie Willers,2020-04-22 03:36:00
Eddie Willers,2020-05-11 03:32:00
Eddie Willers,2020-04-29 03:41:00
Eddie Willers,2020-05-14 04:00:00
Faramir,2020-04-05 16:28:00
Faramir,2020-04-08 14:30:00
Faramir,2020-04-05 17:20:00
Faramir,2020-06-30 21:58:00
Faramir,2020-04-05 16:24:00
Faramir,2020-04-06 16:40:00
Faramir,2020-04-05 16:22:00
Faramir,2020-05-23 00:54:00
Faramir,2020-04-04 22:02:00
Faramir,2020-04-04 19:55:00
Faramir,2020-06-01 02:21:00
Faramir,2020-06-01 14:29:00
FrankS,2020-05-07 16:53:00
FrankS,2020-05-07 17:01:00
FrankS,2020-04-02 16:26:00
FrankS,2020-05-14 18:21:00
FrankS,2020-04-18 13:21:00
FrankS,2020-04-02 15:07:00
FrankS,2020-05-17 16:32:00
Hesiod,2020-05-17 10:25:00
Hesiod,2020-05-17 11:54:00
Hiaslayer,2020-04-27 14:19:00
Hiaslayer,2020-04-30 08:54:00
Hiaslayer,2020-04-27 13:38:00
Hiaslayer,2020-04-28 12:43:00
Hiaslayer,2020-04-27 05:15:00
Hiaslayer,2020-04-27 21:44:00
Hoppes#9,2020-05-15 10:39:00
Hoppes#9,2020-04-07 14:43:00
Hoppes#9,2020-04-03 14:26:00
Hoppes#9,2020-05-17 15:11:00
Hoppes#9,2020-04-06 23:04:00
Hoppes#9,2020-04-11 12:44:00
Hoppes#9,2020-04-26 23:30:00
Hoppes#9,2020-04-17 01:34:00
Hoppes#9,2020-04-07 18:55:00
Hoppes#9,2020-04-04 14:04:00
Hoppes#9,2020-04-07 13:23:00
Hoppes#9,2020-04-06 22:55:00
Hoppes#9,2020-05-04 18:55:00
Hoppes#9,2020-04-30 18:25:00
Hoppes#9,2020-04-04 13:23:00
Hoppes#9,2020-05-01 20:04:00
Hoppes#9,2020-04-20 22:57:00
Hoppes#9,2020-05-17 17:00:00
Hoppes#9,2020-04-23 22:29:00
Hoppes#9,2020-04-03 21:56:00
Hoppes#9,2020-04-06 23:10:00
Hoppes#9,2020-04-17 22:32:00
Hoppes#9,2020-05-14 19:43:00
Hoppes#9,2020-04-24 13:36:00
Hoppes#9,2020-05-05 22:58:00
Hoppes#9,2020-04-21 16:09:00
Hoppes#9,2020-04-02 02:42:00
Hoppes#9,2020-05-06 14:53:00
Hoppes#9,2020-05-17 15:24:00
Hoppes#9,2020-04-10 05:11:00
Hoppes#9,2020-04-07 13:24:00
Hoppes#9,2020-04-07 13:06:00
Hoppes#9,2020-04-11 13:23:00
Hoppes#9,2020-05-08 01:20:00
Hoppes#9,2020-05-18 03:10:00
Hoppes#9,2020-04-21 01:02:00
Hoppes#9,2020-05-12 03:30:00
Hoppes#9,2020-05-14 22:47:00
Hoppes#9,2020-04-03 21:58:00
Hoppes#9,2020-04-23 22:23:00
Hoppes#9,2020-05-10 17:07:00
Hoppes#9,2020-04-27 00:34:00
Hoppes#9,2020-05-15 17:51:00
Hoppes#9,2020-04-27 23:27:00
Hoppes#9,2020-04-27 20:05:00
Hoppes#9,2020-04-10 05:08:00
I'm Gone,2020-04-03 18:25:00
Insidious_Sid,2020-04-13 13:47:00
Insidious_Sid,2020-04-17 22:05:00
Insidious_Sid,2020-04-12 21:51:00
Insidious_Sid,2020-04-17 22:02:00
Insidious_Sid,2020-04-20 18:33:00
Invisible Target,2020-04-17 17:53:00
J_F_Sebastian,2020-05-13 18:08:00
Jackal,2020-06-28 10:06:00
Jackal,2020-06-28 10:07:00
Jackal,2020-05-15 23:37:00
Jackal,2020-06-23 18:26:00
Jackal,2020-04-24 00:50:00
Jackal,2020-05-01 00:47:00
Jackal,2020-06-28 10:10:00
Jackal,2020-04-28 16:00:00
Jackal,2020-06-15 18:15:00
Jackal,2020-06-28 10:39:00
Jackal,2020-04-24 01:02:00
Jackal,2020-04-27 23:31:00
Jackal,2020-06-06 13:12:00
Jackal,2020-06-19 12:45:00
Jackal,2020-04-30 00:56:00
Jackal,2020-05-06 01:09:00
Jackal,2020-06-01 18:40:00
Jackal,2020-06-07 21:23:00
Jackal,2020-05-07 23:34:00
Jackal,2020-05-30 23:49:00
Jackoff,2020-06-25 20:46:00
Jackoff,2020-05-29 09:39:00
Jackoff,2020-06-08 16:23:00
Jackoff,2020-06-19 20:28:00
Jackoff,2020-06-27 17:42:00
Jackoff,2020-06-25 11:49:00
Jackoff,2020-06-28 18:36:00
Jackoff,2020-06-25 19:44:00
Jackoff,2020-06-18 20:22:00
Jackoff,2020-06-18 20:37:00
Jackoff,2020-06-14 19:40:00
Jackoff,2020-06-15 15:32:00
Jackoff,2020-06-16 23:25:00
Jackoff,2020-06-07 12:14:00
Jackoff,2020-06-08 08:24:00
Jackoff,2020-05-23 22:12:00
Jackoff,2020-05-23 23:21:00
Jackoff,2020-05-25 21:46:00
Jackoff,2020-05-01 18:09:00
Jackoff,2020-05-16 14:43:00
Jackoff,2020-05-25 19:06:00
Jackoff,2020-05-20 11:26:00
Jackoff,2020-05-07 09:13:00
Jackoff,2020-05-06 11:23:00
Jackoff,2020-05-05 14:03:00
Jackoff,2020-05-05 11:46:00
Jackoff,2020-05-05 11:57:00
Jackoff,2020-04-17 22:02:00
Jackoff,2020-04-17 22:21:00
Jackoff,2020-04-24 13:40:00
Jackoff,2020-04-02 12:45:00
Jackoff,2020-04-09 19:29:00
Jackoff,2020-04-09 11:02:00
Jackoff,2020-04-07 13:19:00
Jackoff,2020-04-06 12:16:00
Jackoff,2020-04-02 12:04:00
Jackoff,2020-04-01 13:59:00
Jackoff,2020-06-26 11:47:00
Jackoff,2020-04-11 10:35:00
Jackoff,2020-05-27 10:43:00
Jackoff,2020-05-24 09:46:00
Jackoff,2020-06-09 01:13:00
Jackoff,2020-06-14 12:42:00
Jackoff,2020-04-08 16:23:00
Jackoff,2020-04-09 15:07:00
Jackoff,2020-05-11 11:09:00
Jackoff,2020-05-01 17:58:00
Jackoff,2020-06-29 09:12:00
Jackoff,2020-05-22 00:25:00
Jackoff,2020-06-23 18:58:00
Jackoff,2020-05-23 10:43:00
Jackoff,2020-06-18 22:29:00
Jackoff,2020-06-14 10:33:00
Jackoff,2020-06-03 14:22:00
Jackoff,2020-06-09 18:47:00
Jackoff,2020-05-19 08:04:00
Jackoff,2020-06-01 23:19:00
Jackoff,2020-06-08 07:28:00
Jackoff,2020-05-17 14:29:00
Jackoff,2020-06-20 15:33:00
Jackoff,2020-04-02 11:24:00
Jackoff,2020-05-31 17:44:00
Jackoff,2020-06-22 11:09:00
Jackoff,2020-06-14 18:36:00
Jackoff,2020-05-28 16:13:00
Jackoff,2020-06-25 19:25:00
Jackoff,2020-06-07 11:04:00
Jackoff,2020-06-14 19:15:00
Jackoff,2020-06-26 12:43:00
Jackoff,2020-05-10 19:03:00
Jackoff,2020-06-29 15:50:00
Jackoff,2020-06-25 10:54:00
Jackoff,2020-06-14 22:17:00
Jackoff,2020-06-08 16:54:00
Jackoff,2020-05-24 16:03:00
Jackoff,2020-05-14 17:37:00
Jackoff,2020-06-14 11:49:00
Jackoff,2020-05-06 13:44:00
Jackoff,2020-05-07 08:57:00
Jackoff,2020-05-10 15:29:00
Jackoff,2020-05-12 11:59:00
Jackoff,2020-05-16 09:19:00
Jackoff,2020-05-15 11:46:00
Jackoff,2020-05-16 11:25:00
Jackoff,2020-05-19 15:28:00
Jackoff,2020-05-21 14:00:00
Jackoff,2020-05-22 13:22:00
Jackoff,2020-05-23 11:36:00
Jackoff,2020-05-28 16:27:00
Jackoff,2020-06-01 11:03:00
Jackoff,2020-06-05 00:38:00
Jackoff,2020-04-20 14:36:00
Jackoff,2020-06-08 22:02:00
Jackoff,2020-04-08 16:13:00
Jackoff,2020-05-31 16:26:00
Jackoff,2020-06-08 21:34:00
Jackoff,2020-05-20 08:51:00
Jackoff,2020-06-09 00:09:00
Jackoff,2020-06-04 10:11:00
Jackoff,2020-04-26 17:59:00
Jackoff,2020-05-28 18:16:00
Jackoff,2020-06-26 11:11:00
Jackoff,2020-06-18 09:08:00
Jackoff,2020-05-04 17:12:00
Jackoff,2020-06-14 12:58:00
Jackoff,2020-06-12 08:50:00
Jackoff,2020-04-05 18:48:00
Jackoff,2020-06-14 10:57:00
Jackoff,2020-04-06 11:48:00
Jackoff,2020-04-24 17:54:00
Jackoff,2020-04-21 16:41:00
Jackoff,2020-04-24 13:29:00
Jackoff,2020-05-01 17:43:00
Jackoff,2020-05-04 11:23:00
Jackoff,2020-05-09 18:41:00
Jackoff,2020-05-12 14:47:00
Jackoff,2020-06-11 17:52:00
Jackoff,2020-05-20 10:15:00
Jackoff,2020-05-25 22:23:00
Jackoff,2020-05-28 21:25:00
Jackoff,2020-06-04 11:03:00
Jackoff,2020-05-10 15:15:00
Jackoff,2020-04-07 12:45:00
Jackoff,2020-06-11 21:49:00
Jackoff,2020-06-11 14:40:00
Jackoff,2020-06-11 15:55:00
Jackoff,2020-06-07 11:20:00
Jackoff,2020-06-09 18:36:00
Jackoff,2020-06-05 10:06:00
Jackoff,2020-06-04 17:50:00
Jackoff,2020-06-17 12:10:00
Jackoff,2020-06-04 23:40:00
Jackoff,2020-06-10 10:21:00
Jackoff,2020-06-03 10:26:00
Jackoff,2020-06-01 18:42:00
Jackoff,2020-05-29 23:30:00
Jackoff,2020-05-25 22:35:00
Jackoff,2020-05-25 19:21:00
Jackoff,2020-05-26 18:58:00
Jackoff,2020-06-29 15:45:00
Jackoff,2020-05-25 07:53:00
Jackoff,2020-05-25 10:45:00
Jackoff,2020-05-27 11:58:00
Jackoff,2020-06-28 12:24:00
Jackoff,2020-05-27 11:08:00
Jackoff,2020-05-27 12:47:00
Jackoff,2020-05-22 08:45:00
Jackoff,2020-05-19 19:50:00
Jackoff,2020-05-19 22:13:00
Jackoff,2020-05-15 07:15:00
Jackoff,2020-06-29 09:15:00
Jackoff,2020-05-12 12:25:00
Jackoff,2020-06-27 18:02:00
Jackoff,2020-05-03 15:48:00
Jackoff,2020-05-11 09:55:00
Jackoff,2020-06-25 15:49:00
Jackoff,2020-06-26 23:55:00
Jackoff,2020-06-27 10:31:00
Jackoff,2020-05-07 12:18:00
Jackoff,2020-05-09 08:43:00
Jackoff,2020-05-02 11:08:00
Jackoff,2020-06-29 22:11:00
Jackoff,2020-06-24 09:35:00
Jackoff,2020-06-20 21:47:00
Jackoff,2020-04-08 15:40:00
Jackoff,2020-06-22 11:37:00
Jackoff,2020-06-19 16:53:00
Jackoff,2020-06-18 12:22:00
Jackoff,2020-04-22 11:09:00
Jackoff,2020-06-27 17:16:00
Jackoff,2020-06-16 10:40:00
Jackoff,2020-06-24 10:05:00
Jackoff,2020-06-16 10:30:00
Jackoff,2020-04-11 10:07:00
Jackoff,2020-06-18 18:26:00
Jackoff,2020-05-08 16:36:00
Jackoff,2020-05-25 18:55:00
Jackoff,2020-05-10 08:09:00
Jackoff,2020-04-07 14:23:00
Jackoff,2020-05-30 12:30:00
Jackoff,2020-06-21 11:44:00
Jackoff,2020-05-30 12:53:00
Jackoff,2020-05-27 17:26:00
Jackoff,2020-04-03 11:28:00
Jackoff,2020-06-29 22:18:00
Jackoff,2020-06-18 09:25:00
Jackoff,2020-06-11 15:52:00
Jackoff,2020-06-11 21:01:00
Jackoff,2020-04-22 19:35:00
Jackoff,2020-04-01 13:38:00
Jackoff,2020-04-06 12:06:00
Jackoff,2020-06-09 00:51:00
Jackoff,2020-06-22 14:26:00
Jackoff,2020-06-21 11:59:00
Jackoff,2020-06-27 12:52:00
Jackoff,2020-06-16 10:51:00
Jackoff,2020-06-18 19:41:00
Jackoff,2020-04-20 18:01:00
Jackoff,2020-04-20 15:14:00
Jackoff,2020-05-19 18:42:00
Jackoff,2020-06-15 15:18:00
Jackoff,2020-06-28 19:03:00
Jackoff,2020-06-04 23:27:00
Jackoff,2020-05-15 07:49:00
Jackoff,2020-05-25 18:20:00
Jackoff,2020-05-09 08:27:00
Jackoff,2020-06-09 08:36:00
Jackoff,2020-06-18 22:39:00
Jackoff,2020-04-08 10:28:00
Jackoff,2020-05-09 15:54:00
Jackoff,2020-06-14 12:02:00
Jackoff,2020-06-29 23:52:00
Jackoff,2020-06-09 21:59:00
Jackoff,2020-05-16 13:05:00
Jackoff,2020-04-10 16:16:00
Jackoff,2020-06-08 11:59:00
Jackoff,2020-05-14 10:12:00
Jackoff,2020-06-30 14:20:00
Jackoff,2020-06-25 16:02:00
Jackoff,2020-06-26 11:34:00
Jackoff,2020-06-24 10:17:00
Jackoff,2020-06-22 15:15:00
Jackoff,2020-06-15 10:41:00
Jackoff,2020-06-18 11:27:00
Jackoff,2020-05-12 15:12:00
Jackoff,2020-06-10 10:49:00
Jackoff,2020-06-05 10:30:00
Jackoff,2020-05-31 20:42:00
Jackoff,2020-05-27 11:50:00
Jackoff,2020-05-27 11:17:00
Jackoff,2020-05-20 08:42:00
Jackoff,2020-05-18 16:48:00
Jackoff,2020-05-18 12:59:00
Jackoff,2020-05-16 14:33:00
Jackoff,2020-05-15 17:59:00
Jackoff,2020-05-13 13:25:00
Jackoff,2020-05-14 11:29:00
Jackoff,2020-05-10 07:04:00
Jackoff,2020-05-08 17:04:00
Jackoff,2020-05-03 15:55:00
Jackoff,2020-05-04 11:59:00
Jackoff,2020-04-24 16:18:00
Jackoff,2020-04-14 01:09:00
Jackoff,2020-06-09 21:35:00
Jackoff,2020-05-25 21:57:00
Jackoff,2020-06-20 21:02:00
Jackoff,2020-05-10 07:34:00
Jackoff,2020-06-10 15:19:00
Jackoff,2020-06-23 18:24:00
Jackoff,2020-06-25 16:12:00
Jackoff,2020-06-18 19:24:00
Jackoff,2020-05-23 22:03:00
Jackoff,2020-05-14 10:42:00
Jackoff,2020-05-18 12:41:00
Jackoff,2020-06-18 17:00:00
Jackoff,2020-05-10 19:31:00
Jackoff,2020-06-25 14:02:00
Jackoff,2020-06-27 11:58:00
Jackoff,2020-05-04 17:01:00
Jackoff,2020-04-05 12:37:00
Jackoff,2020-04-22 11:03:00
Jackoff,2020-06-22 12:12:00
Jackoff,2020-06-13 13:36:00
Jackoff,2020-06-18 23:09:00
Jackoff,2020-06-29 10:27:00
Jackoff,2020-05-31 09:46:00
Jackoff,2020-04-14 18:42:00
Jackoff,2020-04-07 14:02:00
Jackoff,2020-06-08 08:52:00
Jackoff,2020-06-07 10:42:00
Jackoff,2020-06-28 10:13:00
Jackoff,2020-05-19 16:35:00
Jackoff,2020-06-16 23:00:00
Jackoff,2020-06-19 17:17:00
Jackoff,2020-05-19 16:04:00
Jackoff,2020-06-23 12:46:00
Jackoff,2020-06-18 12:58:00
Jackoff,2020-06-08 11:22:00
Jackoff,2020-06-11 11:58:00
Jackoff,2020-06-30 12:32:00
Jackoff,2020-06-14 11:26:00
Jackoff,2020-06-28 21:59:00
Jackoff,2020-04-24 13:55:00
Jackoff,2020-06-16 22:30:00
Jackoff,2020-05-09 15:33:00
Jackoff,2020-04-24 16:03:00
Jackoff,2020-05-02 10:25:00
Jackoff,2020-05-04 16:03:00
Jan,2020-06-01 22:45:00
Jan,2020-05-04 20:02:00
Jan,2020-06-01 22:41:00
Jan,2020-04-28 23:04:00
Jan,2020-05-08 00:38:00
Jan,2020-06-07 19:40:00
Jan,2020-05-01 22:45:00
Joetech,2020-04-01 18:11:00
Joetech,2020-04-11 18:38:00
Joetech,2020-04-02 03:34:00
Joetech,2020-04-06 00:35:00
Joetech,2020-04-02 03:43:00
Joetech,2020-04-23 13:22:00
Joetech,2020-04-06 20:09:00
Joetech,2020-05-10 13:24:00
Joetech,2020-04-04 00:45:00
Joetech,2020-04-06 00:47:00
Joetech,2020-04-05 01:14:00
Joetech,2020-04-23 13:27:00
Joetech,2020-04-01 17:59:00
Joetech,2020-04-01 18:08:00
Joetech,2020-04-11 05:56:00
Joetech,2020-04-04 01:34:00
Kaveman187,2020-04-03 13:21:00
Knarley Bob,2020-04-20 19:18:00
Knarley Bob,2020-05-04 21:04:00
Knarley Bob,2020-04-30 02:00:00
Knarley Bob,2020-04-08 15:29:00
Knarley Bob,2020-04-12 22:18:00
Knarley Bob,2020-04-13 15:02:00
Knarley Bob,2020-04-17 13:05:00
Knarley Bob,2020-05-04 11:35:00
Knarley Bob,2020-04-11 23:20:00
Knarley Bob,2020-04-13 21:46:00
Knarley Bob,2020-04-29 21:58:00
Knarley Bob,2020-05-01 21:51:00
Knarley Bob,2020-05-07 22:21:00
Knarley Bob,2020-04-26 14:14:00
Knarley Bob,2020-04-30 21:53:00
Knarley Bob,2020-04-20 19:06:00
Knarley Bob,2020-04-20 16:08:00
Knarley Bob,2020-04-25 01:10:00
Knarley Bob,2020-04-24 21:21:00
Knarley Bob,2020-04-24 11:17:00
Knarley Bob,2020-05-07 22:28:00
Knarley Bob,2020-04-20 14:11:00
Knarley Bob,2020-04-19 14:44:00
Knarley Bob,2020-04-16 01:54:00
Knarley Bob,2020-04-13 21:58:00
Knarley Bob,2020-04-08 15:19:00
Knarley Bob,2020-04-08 18:36:00
Knarley Bob,2020-04-10 15:52:00
Knarley Bob,2020-05-04 00:39:00
Knarley Bob,2020-04-15 16:08:00
Knarley Bob,2020-05-04 11:32:00
Knarley Bob,2020-04-15 03:21:00
Knarley Bob,2020-05-02 20:25:00
Knarley Bob,2020-04-22 20:59:00
Knarley Bob,2020-05-02 22:01:00
Knarley Bob,2020-04-09 19:12:00
Knarley Bob,2020-04-14 16:23:00
Knarley Bob,2020-05-01 21:56:00
Knarley Bob,2020-04-08 00:37:00
Knarley Bob,2020-04-29 11:23:00
Knarley Bob,2020-04-19 15:03:00
Knarley Bob,2020-04-19 17:34:00
Luthen,2020-06-19 13:48:00
Luthen,2020-06-16 11:56:00
Luthen,2020-05-11 15:46:00
Luthen,2020-06-15 01:18:00
Luthen,2020-06-14 13:58:00
Luthen,2020-05-13 03:01:00
Luthen,2020-05-11 15:08:00
Luthen,2020-06-19 18:37:00
Luthen,2020-05-05 17:21:00
Luthen,2020-05-09 00:10:00
Luthen,2020-05-13 01:55:00
Luthen,2020-05-13 12:12:00
Luthen,2020-05-07 01:19:00
Luthen,2020-05-14 16:47:00
MAM5150,2020-05-05 01:16:00
MAM5150,2020-05-09 05:28:00
MAM5150,2020-05-15 02:43:00
MAM5150,2020-06-26 20:20:00
MAM5150,2020-04-20 02:31:00
MAM5150,2020-05-07 01:37:00
MAM5150,2020-04-18 02:54:00
MAM5150,2020-05-04 07:01:00
MAM5150,2020-05-01 02:06:00
MGTOWFOREVER,2020-06-21 15:25:00
MGTOWFOREVER,2020-06-10 21:09:00
MGTOWFOREVER,2020-06-13 15:21:00
MGTOWFOREVER,2020-06-15 16:54:00
MGTOWFOREVER,2020-06-23 16:24:00
MGTOWFOREVER,2020-06-15 18:00:00
MGTOWFOREVER,2020-06-24 20:09:00
MGTOWFOREVER,2020-04-16 20:51:00
MGTOWFOREVER,2020-05-18 19:28:00
MGTOWFOREVER,2020-05-20 02:04:00
MGTOWFOREVER,2020-05-13 23:05:00
MGTOWFOREVER,2020-06-16 16:19:00
MGTOWFOREVER,2020-05-12 00:27:00
MGTOWFOREVER,2020-04-07 22:07:00
MGTOWFOREVER,2020-05-10 15:52:00
MGTOWFOREVER,2020-05-01 15:30:00
MGTOWFOREVER,2020-05-23 20:03:00
MGTOWFOREVER,2020-05-19 23:18:00
MGTOWFOREVER,2020-05-19 22:59:00
MGTOWFOREVER,2020-06-24 20:19:00
MGTOWFOREVER,2020-04-07 22:15:00
MGTOWFOREVER,2020-05-25 15:02:00
MGTOWFOREVER,2020-05-13 23:21:00
MGTOWFOREVER,2020-06-24 20:18:00
MGTOWFOREVER,2020-05-23 20:10:00
MGTOWFOREVER,2020-05-18 19:37:00
MGTOWFOREVER,2020-05-13 23:24:00
MGTOWFOREVER,2020-06-15 17:03:00
MGTOWFOREVER,2020-06-22 02:41:00
MGTOWFOREVER,2020-06-22 15:43:00
MGTOWFOREVER,2020-05-13 23:53:00
MGTOWFOREVER,2020-04-13 16:54:00
MGTOWFOREVER,2020-06-16 16:49:00
MGTOWFOREVER,2020-05-19 22:47:00
MGTOWFOREVER,2020-06-19 18:10:00
MGTOWFOREVER,2020-06-10 20:56:00
MGTOWFOREVER,2020-04-07 22:22:00
MGTOWFOREVER,2020-05-11 15:07:00
MGTOWFOREVER,2020-04-16 22:42:00
MGTOWFOREVER,2020-06-22 02:51:00
MGTOWFOREVER,2020-06-17 17:05:00
MGTOWFOREVER,2020-06-11 18:19:00
MGTOWFOREVER,2020-05-13 23:20:00
MGTOWFOREVER,2020-05-01 15:32:00
MGTOWFOREVER,2020-05-20 14:11:00
MGTOWFOREVER,2020-06-22 02:48:00
MGTOWFOREVER,2020-06-15 20:47:00
MGTOWFOREVER,2020-06-24 20:11:00
MGTOWFOREVER,2020-06-23 16:19:00
MGTOWFOREVER,2020-04-09 18:00:00
MGTOWFOREVER,2020-06-15 17:20:00
MGTOWFOREVER,2020-05-28 16:19:00
MGTOWFOREVER,2020-04-07 22:12:00
MGTOWFOREVER,2020-05-13 23:34:00
Machiavelli,2020-06-01 20:27:00
Manfred,2020-05-16 05:12:00
Manfred,2020-05-15 05:10:00
Manfred,2020-04-01 16:51:00
Manfred,2020-05-25 01:25:00
Manfred,2020-04-01 17:11:00
Manfred,2020-05-25 22:53:00
Manfred,2020-04-01 16:44:00
Manuallaborer,2020-04-29 23:04:00
Manuallaborer,2020-05-10 01:14:00
Menace888,2020-06-23 22:43:00
Menace888,2020-06-23 20:45:00
Menace888,2020-06-23 16:42:00
Mr Wombat,2020-05-09 21:05:00
Mr Wombat,2020-04-14 08:27:00
Mr Wombat,2020-04-17 08:56:00
Mr Wombat,2020-05-29 23:50:00
Mr Wombat,2020-05-10 00:04:00
Mr Wombat,2020-04-30 15:17:00
Mr Wombat,2020-04-07 08:13:00
Mr Wombat,2020-06-06 09:23:00
Mr Wombat,2020-05-30 00:07:00
Mr Wombat,2020-05-14 14:05:00
Mr Wombat,2020-04-05 04:42:00
Mr Wombat,2020-05-09 21:09:00
Mr Wombat,2020-05-09 20:49:00
Mr Wombat,2020-04-13 02:46:00
Mr Wombat,2020-04-14 06:33:00
Mr Wombat,2020-05-09 11:47:00
Mr Wombat,2020-04-09 14:16:00
Mr Wombat,2020-04-26 15:53:00
Mr Wombat,2020-05-09 21:01:00
Mr Wombat,2020-05-10 00:09:00
Mr Wombat,2020-06-23 01:59:00
Mr Wombat,2020-06-08 07:14:00
Mr Wombat,2020-06-08 07:16:00
Mr Wombat,2020-04-18 21:21:00
Mr Wombat,2020-04-13 03:11:00
Mr Wombat,2020-04-21 08:16:00
Mr Wombat,2020-04-18 05:52:00
Mr Wombat,2020-06-26 17:18:00
Mr Wombat,2020-05-30 00:01:00
Mr Wombat,2020-05-06 13:10:00
Mr Wombat,2020-04-17 08:35:00
Mr Wombat,2020-05-12 13:11:00
Mr Wombat,2020-04-01 13:49:00
Mr Wombat,2020-04-02 06:09:00
Mr Wombat,2020-05-13 14:29:00
Mr Wombat,2020-05-04 13:33:00
Mr Wombat,2020-05-02 06:13:00
My Name Is Earl,2020-06-13 18:11:00
N567,2020-04-20 10:47:00
N567,2020-06-06 11:38:00
N567,2020-05-24 11:05:00
N567,2020-04-20 04:14:00
N567,2020-04-14 14:26:00
N567,2020-04-16 03:20:00
N567,2020-04-21 01:35:00
N567,2020-04-27 05:48:00
N567,2020-05-24 09:09:00
N567,2020-04-28 00:38:00
N567,2020-05-24 18:05:00
N567,2020-04-15 03:02:00
Natural Born MGTOW,2020-06-18 15:14:00
Natural Born MGTOW,2020-06-10 16:40:00
Natural Born MGTOW,2020-06-10 16:32:00
Natural Born MGTOW,2020-05-08 12:41:00
Natural Born MGTOW,2020-05-29 13:18:00
Natural Born MGTOW,2020-06-10 17:39:00
Neo,2020-05-15 14:16:00
Neo,2020-04-27 21:28:00
Neo,2020-04-26 03:12:00
Neo,2020-04-18 19:34:00
Neo,2020-04-07 21:24:00
Neo,2020-04-02 14:02:00
Neo,2020-04-22 02:50:00
Neo,2020-04-11 13:19:00
Neo,2020-06-09 03:52:00
Neo,2020-04-02 14:04:00
Neroke,2020-04-06 02:53:00
Neroke,2020-05-15 12:01:00
Neroke,2020-05-15 11:59:00
Neroke,2020-04-05 13:33:00
Neroke,2020-06-26 06:20:00
Neroke,2020-05-15 12:00:00
Neroke,2020-04-30 11:05:00
Neroke,2020-05-09 11:19:00
Neroke,2020-05-12 09:32:00
Neroke,2020-05-02 09:03:00
Neroke,2020-05-16 07:56:00
Neroke,2020-05-04 05:32:00
Neroke,2020-06-03 11:51:00
Neroke,2020-05-20 22:05:00
Neroke,2020-06-23 23:32:00
Neroke,2020-06-24 01:29:00
Neroke,2020-06-08 01:17:00
Neroke,2020-05-27 11:05:00
Neroke,2020-06-19 01:37:00
Neroke,2020-04-07 08:22:00
Neroke,2020-05-15 12:00:00
Neroke,2020-06-15 12:54:00
Neroke,2020-04-28 09:34:00
Neroke,2020-05-12 09:31:00
NorCalKid,2020-06-07 04:53:00
NorCalKid,2020-06-07 02:25:00
NorCalKid,2020-06-07 03:51:00
Opaque,2020-04-27 14:44:00
Opaque,2020-04-28 08:16:00
Opaque,2020-05-13 10:31:00
Opaque,2020-05-14 08:38:00
Opaque,2020-05-15 18:12:00
Opaque,2020-04-15 18:17:00
Opaque,2020-05-14 08:51:00
Opaque,2020-05-17 00:52:00
Opaque,2020-05-08 11:34:00
Opaque,2020-05-06 20:18:00
Opaque,2020-05-12 11:24:00
Opaque,2020-05-12 11:32:00
Opaque,2020-05-27 06:54:00
Opaque,2020-06-23 21:34:00
Opaque,2020-06-22 21:51:00
Opaque,2020-05-27 06:50:00
Opaque,2020-06-20 19:56:00
Opaque,2020-06-12 07:13:00
Opaque,2020-05-31 11:30:00
Opaque,2020-05-13 12:02:00
Opaque,2020-06-07 14:03:00
Opaque,2020-05-06 20:29:00
Opaque,2020-06-18 22:04:00
Opaque,2020-06-30 20:37:00
Opaque,2020-05-27 06:48:00
Opaque,2020-06-28 08:23:00
Opaque,2020-04-29 12:39:00
Opaque,2020-04-15 06:22:00
Opaque,2020-05-06 20:22:00
Opaque,2020-05-19 19:25:00
Opaque,2020-05-23 21:48:00
Opaque,2020-06-08 02:16:00
Opaque,2020-06-25 23:17:00
Opaque,2020-05-11 08:32:00
Opaque,2020-05-10 10:22:00
Opaque,2020-04-25 18:50:00
Opaque,2020-06-23 21:22:00
Opaque,2020-06-22 20:07:00
Opaque,2020-06-23 21:52:00
Opaque,2020-04-10 05:55:00
Opaque,2020-06-25 13:26:00
Opaque,2020-06-01 09:44:00
Opaque,2020-05-25 22:03:00
Opaque,2020-04-22 09:32:00
Opaque,2020-06-27 21:40:00
Opaque,2020-04-23 20:41:00
Opaque,2020-04-22 10:06:00
Opaque,2020-04-19 19:42:00
Opaque,2020-06-25 23:24:00
Opaque,2020-06-12 22:54:00
Opaque,2020-05-02 12:22:00
Opaque,2020-05-14 10:05:00
Opaque,2020-06-06 08:50:00
Opaque,2020-05-07 12:10:00
Opaque,2020-05-27 21:25:00
Opaque,2020-04-07 14:46:00
Opaque,2020-05-12 14:20:00
Opaque,2020-05-11 07:55:00
Opaque,2020-04-08 07:49:00
Opaque,2020-05-18 14:04:00
Opaque,2020-05-11 19:57:00
Opaque,2020-06-28 10:59:00
Opaque,2020-05-12 11:43:00
Opaque,2020-05-29 19:30:00
Opaque,2020-06-25 21:07:00
Opaque,2020-04-18 19:29:00
Opaque,2020-05-25 19:38:00
Opaque,2020-06-20 22:41:00
Opaque,2020-05-25 22:57:00
Opaque,2020-04-15 18:22:00
Opaque,2020-05-27 21:13:00
Opaque,2020-05-30 07:32:00
Opaque,2020-06-16 18:33:00
Opaque,2020-06-23 21:29:00
Opaque,2020-06-15 00:43:00
Opaque,2020-05-15 17:57:00
Opaque,2020-06-30 21:02:00
Opaque,2020-05-30 08:06:00
Opaque,2020-04-10 05:45:00
Opaque,2020-05-25 19:54:00
Opaque,2020-05-15 12:09:00
Opaque,2020-05-31 11:50:00
Opaque,2020-05-21 22:25:00
Opaque,2020-06-29 18:06:00
Opaque,2020-05-15 08:17:00
Opaque,2020-06-15 19:45:00
Opaque,2020-05-06 20:12:00
Opaque,2020-06-11 20:00:00
Opaque,2020-05-30 14:19:00
Opaque,2020-06-20 19:36:00
Opaque,2020-04-16 14:04:00
Opaque,2020-05-17 22:13:00
Opaque,2020-05-25 13:41:00
Opaque,2020-05-24 18:57:00
Opaque,2020-04-22 18:14:00
Opaque,2020-05-17 20:20:00
Opaque,2020-05-30 07:57:00
Opaque,2020-06-20 09:25:00
Opaque,2020-06-16 18:28:00
Opaque,2020-06-23 21:37:00
Opaque,2020-05-24 09:37:00
Opaque,2020-05-23 21:26:00
Opaque,2020-05-06 20:35:00
Opaque,2020-05-23 22:58:00
Opaque,2020-05-16 11:22:00
Opaque,2020-04-13 00:02:00
Opaque,2020-06-08 02:32:00
Opaque,2020-06-25 13:43:00
Opaque,2020-05-22 00:39:00
Opaque,2020-05-21 20:37:00
Opaque,2020-04-16 10:14:00
Opaque,2020-04-07 11:24:00
Opaque,2020-04-30 07:31:00
Opaque,2020-06-23 21:24:00
Opaque,2020-04-28 07:43:00
Opaque,2020-04-19 11:05:00
Opaque,2020-04-15 06:42:00
Opaque,2020-04-20 11:14:00
Opaque,2020-06-27 21:42:00
Opaque,2020-06-19 08:27:00
Opaque,2020-05-26 08:13:00
Opaque,2020-06-18 22:07:00
Prophet of Truth,2020-06-28 20:21:00
Prophet of Truth,2020-06-21 20:39:00
Prophet of Truth,2020-04-12 19:52:00
Randy,2020-06-25 15:46:00
Resdayn,2020-04-24 11:14:00
Resdayn,2020-05-09 19:58:00
Resdayn,2020-05-03 12:00:00
Resdayn,2020-06-17 12:58:00
Resdayn,2020-06-20 12:14:00
Resdayn,2020-04-07 11:54:00
Resdayn,2020-04-02 15:20:00
Resdayn,2020-06-19 15:02:00
Resdayn,2020-04-26 10:05:00
Resdayn,2020-04-02 13:22:00
Resdayn,2020-06-19 19:50:00
Resdayn,2020-04-07 11:57:00
Resdayn,2020-06-23 15:15:00
Resdayn,2020-06-23 10:56:00
Resdayn,2020-06-06 01:21:00
Resdayn,2020-04-16 13:50:00
Resdayn,2020-04-28 19:26:00
Resdayn,2020-05-15 19:00:00
Resdayn,2020-04-23 16:39:00
Resdayn,2020-06-23 10:57:00
Resdayn,2020-04-04 12:18:00
Resdayn,2020-05-28 10:11:00
Resdayn,2020-05-23 21:11:00
Serpents reign,2020-04-06 21:55:00
Serpents reign,2020-06-22 03:18:00
Serpents reign,2020-04-15 03:33:00
Serpents reign,2020-04-06 05:52:00
Serpents reign,2020-04-07 01:53:00
Serpents reign,2020-04-06 21:27:00
Serpents reign,2020-04-15 03:40:00
Serpents reign,2020-04-06 16:19:00
Serpents reign,2020-04-15 03:43:00
Serpents reign,2020-04-06 16:22:00
Serpents reign,2020-06-22 01:54:00
Serpents reign,2020-04-06 05:14:00
Serpents reign,2020-04-15 03:38:00
ShogunRonin,2020-05-25 14:05:00
ShogunRonin,2020-05-24 15:18:00
ShogunRonin,2020-05-25 14:11:00
ShogunRonin,2020-05-25 21:36:00
ShogunRonin,2020-06-08 00:04:00
Shrug the Script,2020-06-15 00:52:00
TheGeneralLee,2020-04-13 21:05:00
TheRecipe,2020-04-18 16:55:00
The_Joker,2020-06-28 14:37:00
The_Joker,2020-04-13 13:38:00
The_Joker,2020-04-13 13:41:00
Tomatoshadow2,2020-06-16 01:36:00
Tomatoshadow2,2020-04-07 11:19:00
Tomatoshadow2,2020-06-16 10:12:00
Tomatoshadow2,2020-04-13 12:16:00
Tomatoshadow2,2020-06-16 01:42:00
Tomatoshadow2,2020-06-16 10:29:00
Tomatoshadow2,2020-06-16 10:31:00
Tomatoshadow2,2020-06-16 10:18:00
Tomatoshadow2,2020-06-15 01:04:00
Tomatoshadow2,2020-04-27 23:16:00
Tomatoshadow2,2020-06-16 01:39:00
Tomatoshadow2,2020-06-21 07:13:00
Tomatoshadow2,2020-06-09 08:16:00
Tomatoshadow2,2020-06-15 01:15:00
Tomatoshadow2,2020-06-15 01:17:00
Tomatoshadow2,2020-04-20 08:06:00
Tomatoshadow2,2020-06-10 03:21:00
Tomatoshadow2,2020-06-16 10:27:00
Tomatoshadow2,2020-04-20 08:03:00
UnFucked,2020-04-07 19:55:00
Unboxxed,2020-06-25 18:50:00
Unboxxed,2020-06-13 20:04:00
Unboxxed,2020-04-25 05:35:00
Unboxxed,2020-04-27 11:11:00
Unboxxed,2020-04-28 21:39:00
Unboxxed,2020-05-15 21:53:00
Unboxxed,2020-04-03 19:25:00
Unboxxed,2020-06-14 23:33:00
Unboxxed,2020-04-06 04:58:00
Unboxxed,2020-06-11 18:27:00
Unboxxed,2020-06-23 21:52:00
Unboxxed,2020-06-07 05:58:00
Unboxxed,2020-04-14 08:30:00
Unboxxed,2020-06-22 06:14:00
Unboxxed,2020-05-07 00:21:00
Unboxxed,2020-06-24 02:13:00
Unboxxed,2020-04-17 03:43:00
Unboxxed,2020-05-16 00:50:00
Unboxxed,2020-05-14 21:31:00
Unboxxed,2020-05-13 07:00:00
Unboxxed,2020-05-11 22:44:00
Unboxxed,2020-06-09 09:45:00
Unboxxed,2020-05-20 05:50:00
Unboxxed,2020-06-26 18:15:00
Unboxxed,2020-05-19 23:52:00
Unboxxed,2020-06-19 02:14:00
Unboxxed,2020-05-14 22:44:00
Unboxxed,2020-04-10 09:18:00
Unboxxed,2020-04-27 00:10:00
Unboxxed,2020-06-25 22:00:00
Unboxxed,2020-04-22 07:17:00
Unboxxed,2020-06-12 18:59:00
Unboxxed,2020-05-04 03:28:00
Unboxxed,2020-04-29 04:00:00
Unboxxed,2020-05-03 00:19:00
Unboxxed,2020-04-06 05:29:00
Unboxxed,2020-04-01 07:30:00
Unboxxed,2020-04-06 21:51:00
Unboxxed,2020-05-14 00:27:00
Unboxxed,2020-06-15 17:55:00
Unboxxed,2020-04-27 21:49:00
Unboxxed,2020-04-25 01:33:00
Unboxxed,2020-06-14 07:52:00
Unboxxed,2020-06-01 21:14:00
Unboxxed,2020-05-30 21:56:00
Unboxxed,2020-04-24 16:27:00
Unboxxed,2020-05-14 10:40:00
Unboxxed,2020-06-08 08:24:00
Unboxxed,2020-04-12 07:22:00
Unboxxed,2020-04-19 09:04:00
Unboxxed,2020-04-19 09:33:00
Unboxxed,2020-06-23 19:09:00
Unboxxed,2020-04-14 08:39:00
Unboxxed,2020-06-13 23:16:00
Unboxxed,2020-05-13 02:31:00
Unboxxed,2020-06-27 21:39:00
Unboxxed,2020-04-17 21:12:00
Unboxxed,2020-05-01 21:42:00
Unboxxed,2020-06-23 19:33:00
Unboxxed,2020-04-27 20:32:00
Unboxxed,2020-04-06 20:53:00
Unboxxed,2020-05-04 19:14:00
Unboxxed,2020-04-12 01:34:00
Unboxxed,2020-06-01 01:18:00
Unboxxed,2020-06-24 22:38:00
Unboxxed,2020-06-14 02:36:00
Unboxxed,2020-04-13 22:14:00
Unboxxed,2020-06-07 04:25:00
Unboxxed,2020-05-23 04:03:00
Unboxxed,2020-05-12 21:01:00
Unboxxed,2020-05-30 23:43:00
Unboxxed,2020-05-17 20:42:00
Unboxxed,2020-05-21 21:51:00
Unboxxed,2020-05-19 17:32:00
Unboxxed,2020-05-04 04:00:00
Unboxxed,2020-06-27 05:50:00
Unboxxed,2020-05-31 16:59:00
Unboxxed,2020-04-05 07:36:00
Unboxxed,2020-05-14 11:34:00
Unboxxed,2020-04-26 07:27:00
Unboxxed,2020-06-24 01:43:00
Unboxxed,2020-05-14 00:11:00
Unboxxed,2020-05-14 11:04:00
Unboxxed,2020-05-14 22:34:00
Unboxxed,2020-06-23 19:47:00
Unboxxed,2020-06-23 18:46:00
Unboxxed,2020-05-20 06:02:00
Unboxxed,2020-04-27 22:07:00
Unboxxed,2020-05-14 20:36:00
Unboxxed,2020-06-07 16:55:00
Unboxxed,2020-05-19 17:20:00
Unboxxed,2020-04-28 00:03:00
Unboxxed,2020-05-19 07:08:00
Unboxxed,2020-04-23 21:56:00
Unboxxed,2020-06-07 02:59:00
Unboxxed,2020-06-14 23:06:00
Unboxxed,2020-04-19 08:34:00
Unboxxed,2020-04-25 03:41:00
Unboxxed,2020-06-17 01:59:00
Unboxxed,2020-05-06 23:27:00
Unboxxed,2020-05-29 03:03:00
Unboxxed,2020-04-06 07:14:00
Unboxxed,2020-04-26 07:21:00
Unboxxed,2020-05-18 20:19:00
Unboxxed,2020-05-03 07:04:00
Unboxxed,2020-04-29 07:12:00
Unboxxed,2020-05-31 20:04:00
Unboxxed,2020-06-14 16:35:00
Unboxxed,2020-04-15 19:19:00
Unboxxed,2020-04-08 07:45:00
Unregistered,2020-06-14 04:56:00
Unregistered,2020-06-13 21:51:00
Unregistered,2020-05-15 09:18:00
Unregistered,2020-05-15 20:34:00
Unregistered,2020-06-14 20:44:00
Unregistered,2020-05-15 09:27:00
Unregistered,2020-05-15 19:18:00
Unregistered,2020-06-14 01:03:00
Unregistered,2020-05-14 13:45:00
Unregistered,2020-05-15 22:21:00
Unregistered,2020-05-15 09:43:00
Unregistered,2020-05-16 01:48:00
Unregistered,2020-04-17 11:01:00
Unregistered,2020-06-14 22:20:00
Wally,2020-04-27 02:59:00
Wally,2020-05-04 15:43:00
Wally,2020-04-29 01:37:00
Warfish,2020-05-21 18:12:00
Warfish,2020-05-08 12:56:00
Warfish,2020-05-01 16:08:00
WheelBarrow,2020-05-06 03:03:00
WheelBarrow,2020-06-04 03:41:00
WheelBarrow,2020-06-27 03:16:00
WheelBarrow,2020-05-25 18:56:00
Zoidberg,2020-04-02 09:04:00
Zoidberg,2020-05-13 08:32:00
Zoidberg,2020-05-20 07:38:00
Zoidberg,2020-04-02 06:56:00
Zoidberg,2020-05-01 08:19:00
Zoidberg,2020-06-17 10:19:00
Zoidberg,2020-06-17 07:08:00
Zoidberg,2020-05-02 09:37:00
Zoidberg,2020-06-15 11:20:00
chbedok,2020-05-02 09:51:00
chbedok,2020-06-10 05:16:00
chbedok,2020-05-02 09:54:00
chbedok,2020-06-04 02:57:00
ian2211,2020-04-01 10:42:00
jagrmeister,2020-04-10 19:19:00
jagrmeister,2020-05-04 04:33:00
jagrmeister,2020-04-08 23:14:00
jagrmeister,2020-04-10 05:20:00
jagrmeister,2020-04-20 16:23:00
jagrmeister,2020-04-08 23:24:00
jagrmeister,2020-06-18 01:42:00
jagrmeister,2020-04-06 21:10:00
jagrmeister,2020-04-08 05:08:00
mgtower,2020-05-30 12:42:00
mgtower,2020-06-21 12:18:00
mgtower,2020-06-17 12:27:00
mgtower,2020-06-22 08:49:00
mgtower,2020-06-15 17:46:00
mgtower,2020-06-20 10:53:00
mgtower,2020-06-20 18:08:00
mgtower,2020-06-11 00:20:00
mgtower,2020-06-10 11:55:00
mgtower,2020-06-09 19:49:00
mgtower,2020-06-09 22:53:00
mgtower,2020-06-30 00:35:00
mgtower,2020-06-23 13:25:00
mgtower,2020-06-24 10:43:00
mgtower,2020-06-23 10:26:00
mgtower,2020-06-22 23:08:00
mgtower,2020-06-17 01:32:00
mgtower,2020-06-05 23:39:00
mgtower,2020-06-01 21:38:00
mgtower,2020-05-31 10:24:00
mgtower,2020-05-20 11:27:00
mgtower,2020-06-18 23:02:00
mgtower,2020-04-24 21:14:00
mgtower,2020-06-21 00:54:00
mgtower,2020-06-18 11:00:00
mgtower,2020-06-15 11:01:00
mgtower,2020-06-09 01:26:00
mgtower,2020-06-16 09:46:00
mgtower,2020-06-10 09:26:00
mgtower,2020-06-09 00:52:00
mgtower,2020-06-12 10:49:00
mgtower,2020-06-14 11:03:00
mgtower,2020-06-13 10:27:00
mgtower,2020-06-11 17:06:00
mgtower,2020-06-11 09:32:00
mgtower,2020-06-07 11:34:00
mgtower,2020-06-01 09:45:00
mgtower,2020-06-04 20:36:00
mgtower,2020-06-02 00:04:00
mgtower,2020-05-26 19:22:00
mgtower,2020-05-25 10:06:00
mgtower,2020-05-25 11:12:00
mgtower,2020-05-27 09:19:00
mgtower,2020-05-23 11:20:00
mgtower,2020-05-19 19:26:00
mgtower,2020-04-26 10:17:00
mgtower,2020-05-13 23:49:00
mgtower,2020-05-14 11:25:00
mgtower,2020-05-10 11:41:00
mgtower,2020-05-04 13:05:00
mgtower,2020-05-09 11:24:00
mgtower,2020-05-09 21:34:00
mgtower,2020-05-08 17:00:00
mgtower,2020-05-09 12:52:00
mgtower,2020-04-10 13:44:00
mgtower,2020-04-10 20:14:00
mgtower,2020-05-02 20:57:00
mgtower,2020-04-27 21:09:00
mgtower,2020-04-28 08:57:00
mgtower,2020-04-26 11:57:00
mgtower,2020-04-23 19:09:00
mgtower,2020-04-22 10:42:00
mgtower,2020-04-23 12:04:00
mgtower,2020-04-22 15:07:00
mgtower,2020-04-20 22:19:00
mgtower,2020-04-20 10:23:00
mgtower,2020-04-11 11:25:00
mgtower,2020-04-09 18:47:00
mgtower,2020-04-11 11:16:00
mgtower,2020-04-11 19:48:00
mgtower,2020-04-12 00:22:00
mgtower,2020-04-14 11:22:00
mgtower,2020-05-05 15:15:00
mgtower,2020-04-23 19:19:00
mgtower,2020-04-23 10:13:00
mgtower,2020-05-14 23:32:00
mgtower,2020-06-27 13:31:00
mgtower,2020-06-27 20:35:00
mgtower,2020-05-29 12:03:00
mgtower,2020-04-18 10:02:00
mgtower,2020-05-09 21:41:00
mgtower,2020-06-19 11:09:00
mgtower,2020-04-19 19:07:00
mgtower,2020-05-09 23:27:00
mgtower,2020-06-27 00:44:00
mgtower,2020-06-19 22:53:00
mgtower,2020-06-07 17:42:00
mgtower,2020-05-09 11:20:00
mgtower,2020-06-06 10:50:00
mgtower,2020-06-29 23:15:00
mgtower,2020-06-18 19:53:00
mgtower,2020-04-27 14:53:00
mgtower,2020-06-16 09:37:00
mgtower,2020-05-22 11:03:00
mgtower,2020-06-30 13:32:00
mgtower,2020-05-06 22:09:00
mgtower,2020-04-04 20:53:00
mgtower,2020-06-04 09:30:00
mgtower,2020-06-25 09:47:00
mgtower,2020-06-01 13:45:00
mgtower,2020-05-18 17:28:00
mgtower,2020-04-06 09:59:00
mgtower,2020-05-28 12:58:00
mgtower,2020-04-02 13:06:00
mgtower,2020-06-15 22:16:00
mgtower,2020-06-16 10:32:00
mgtower,2020-05-08 12:27:00
mgtower,2020-06-28 11:13:00
mgtower,2020-06-14 15:04:00
mgtower,2020-06-01 21:33:00
mgtower,2020-05-01 20:28:00
mgtower,2020-04-11 13:04:00
mgtower,2020-04-05 16:54:00
mgtower,2020-04-05 22:35:00
mgtower,2020-04-23 10:22:00
mgtower,2020-05-13 11:37:00
mgtower,2020-06-05 13:26:00
mgtower,2020-04-04 23:26:00
mgtower,2020-04-05 12:55:00
mgtower,2020-04-07 23:39:00
mgtower,2020-04-09 15:29:00
mgtower,2020-06-08 13:10:00
mgtower,2020-06-25 17:58:00
mgtower,2020-06-13 14:27:00
mgtower,2020-06-25 23:59:00
mgtower,2020-06-23 21:39:00
mgtower,2020-06-28 15:34:00
mgtower,2020-06-29 23:04:00
mgtower,2020-05-30 11:01:00
mgtower,2020-04-13 12:23:00
mgtower,2020-06-21 11:24:00
mgtower,2020-06-15 10:37:00
mgtower,2020-06-15 10:50:00
mgtower,2020-06-14 10:58:00
mgtower,2020-04-01 22:04:00
mgtower,2020-06-20 10:46:00
mgtower,2020-05-30 10:22:00
mgtower,2020-04-03 19:50:00
mgtower,2020-05-25 17:25:00
mgtower,2020-05-22 15:03:00
mgtower,2020-04-07 13:34:00
mgtower,2020-06-22 18:06:00
mgtower,2020-05-09 22:57:00
mgtower,2020-04-02 17:49:00
mgtower,2020-05-16 15:40:00
mgtower,2020-04-06 17:33:00
mgtower,2020-05-19 19:31:00
mgtower,2020-05-12 20:57:00
mgtower,2020-04-05 14:53:00
mgtower,2020-04-09 22:58:00
mgtower,2020-05-31 10:20:00
mgtower,2020-05-21 20:54:00
mgtower,2020-04-13 21:34:00
mgtower,2020-05-30 11:35:00
mgtower,2020-05-20 12:01:00
mgtower,2020-05-13 23:32:00
mgtower,2020-05-20 14:37:00
mgtower,2020-04-13 16:57:00
mgtower,2020-05-17 11:23:00
mgtower,2020-06-15 12:35:00
mgtower,2020-06-08 09:27:00
mgtower,2020-04-16 23:33:00
mgtower,2020-05-13 19:47:00
mgtower,2020-06-23 23:14:00
mgtower,2020-05-03 10:43:00
mgtower,2020-06-23 13:19:00
mgtower,2020-05-09 11:38:00
mgtower,2020-05-02 09:54:00
mgtower,2020-04-02 12:43:00
mgtower,2020-05-04 09:56:00
mgtower,2020-05-28 17:25:00
mgtower,2020-05-08 09:46:00
mgtower,2020-05-06 00:55:00
mgtower,2020-04-09 11:39:00
mgtower,2020-05-06 12:33:00
mgtower,2020-06-14 00:05:00
mgtower,2020-05-07 11:06:00
mgtower,2020-06-07 10:35:00
mgtower,2020-06-18 15:07:00
mgtower,2020-04-28 21:16:00
mgtower,2020-05-08 22:58:00
mgtower,2020-04-02 13:31:00
mgtower,2020-04-26 10:08:00
mgtower,2020-06-12 10:56:00
mgtower,2020-04-30 11:02:00
mgtower,2020-06-17 13:13:00
mgtower,2020-04-29 10:55:00
mgtower,2020-06-16 22:09:00
mgtower,2020-06-16 14:12:00
mgtower,2020-05-20 12:41:00
mgtower,2020-05-19 23:56:00
mgtower,2020-06-24 11:04:00
mgtower,2020-04-01 21:55:00
mgtower,2020-06-25 21:51:00
mgtower,2020-04-28 10:29:00
mgtower,2020-04-20 16:54:00
mgtower,2020-04-24 10:33:00
mgtower,2020-06-14 12:35:00
mgtower,2020-04-20 16:17:00
mgtower,2020-06-22 23:19:00
mgtower,2020-05-14 22:32:00
mgtower,2020-05-17 15:52:00
mgtower,2020-05-18 16:13:00
mgtower,2020-05-16 13:08:00
mgtower,2020-04-04 11:02:00
mgtower,2020-05-27 11:34:00
mgtower,2020-05-12 11:44:00
mgtower,2020-06-30 15:27:00
mgtower,2020-05-16 00:12:00
mgtower,2020-05-13 23:58:00
mgtower,2020-06-19 17:00:00
mgtower,2020-04-20 15:52:00
mgtower,2020-05-07 21:43:00
mgtower,2020-04-15 18:36:00
mgtower,2020-06-27 20:46:00
mgtower,2020-06-19 10:55:00
mgtower,2020-06-25 17:46:00
mgtower,2020-05-12 00:53:00
mgtower,2020-06-22 08:56:00
mgtower,2020-06-04 09:40:00
mgtower,2020-05-01 12:14:00
mgtower,2020-06-24 13:59:00
mgtower,2020-05-19 23:42:00
mgtower,2020-06-22 12:43:00
mgtower,2020-04-04 16:22:00
mgtower,2020-06-17 11:18:00
mgtower,2020-06-11 12:00:00
mgtower,2020-04-06 17:46:00
mgtower,2020-06-18 22:51:00
mgtower,2020-04-16 12:30:00
mgtower,2020-06-08 09:32:00
mgtower,2020-04-26 15:05:00
mgtower,2020-06-29 09:06:00
mgtower,2020-06-27 23:48:00
mgtower,2020-05-14 22:08:00
mgtower,2020-06-23 10:36:00
mgtower,2020-04-01 12:04:00
mgtower,2020-06-15 22:27:00
mgtower,2020-06-15 14:50:00
mgtower,2020-06-09 09:44:00
mgtower,2020-05-18 12:44:00
mgtower,2020-06-06 14:08:00
mgtower,2020-04-18 22:23:00
mgtower,2020-06-10 16:31:00
mgtower,2020-04-13 21:52:00
mgtower,2020-05-06 11:04:00
mgtower,2020-05-04 10:06:00
mgtower,2020-05-01 22:03:00
mgtower,2020-05-30 14:44:00
mgtower,2020-04-26 19:11:00
mgtower,2020-05-31 12:17:00
mgtower,2020-06-11 12:39:00
mgtower,2020-06-30 12:45:00
mgtower,2020-06-25 21:56:00
mgtower,2020-06-01 09:31:00
mgtower,2020-04-07 23:54:00
mgtower,2020-04-08 21:09:00
mgtower,2020-05-27 09:14:00
mgtower,2020-05-27 11:39:00
mgtower,2020-06-27 17:32:00
mgtower,2020-04-16 10:37:00
mgtower,2020-05-10 10:43:00
mgtower,2020-05-10 10:56:00
mgtower,2020-04-12 23:00:00
mgtower,2020-05-24 12:41:00
mgtower,2020-04-18 17:46:00
mgtower,2020-05-24 10:11:00
mgtower,2020-04-02 16:17:00
mgtower,2020-04-30 11:57:00
mgtower,2020-06-15 00:16:00
mgtower,2020-05-11 16:06:00
mgtower,2020-05-20 11:50:00
mgtower,2020-05-11 23:36:00
mgtower,2020-05-04 09:33:00
mgtower,2020-05-07 11:00:00
mgtower,2020-04-24 14:38:00
mgtower,2020-04-24 12:27:00
mgtower,2020-05-14 00:10:00
mgtower,2020-05-14 01:40:00
mgtower,2020-05-14 10:21:00
mgtower,2020-04-12 23:05:00
mgtower,2020-05-18 12:56:00
mgtower,2020-04-07 03:29:00
mgtower,2020-04-13 12:44:00
mgtower,2020-04-16 10:48:00
mgtower,2020-05-03 10:52:00
mgtower,2020-05-15 13:21:00
mgtower,2020-04-19 19:25:00
mgtower,2020-05-03 22:50:00
mgtower,2020-04-26 22:25:00
mgtower,2020-04-30 11:11:00
mgtower,2020-04-30 19:50:00
mgtower,2020-05-01 08:56:00
mgtower,2020-05-13 10:22:00
mgtower,2020-06-04 13:35:00
mgtower,2020-05-29 10:57:00
mgtower,2020-04-25 19:15:00
mgtower,2020-05-18 13:18:00
mgtower,2020-04-04 00:30:00
mgtower,2020-06-23 16:29:00
mgtower,2020-06-17 11:01:00
mgtower,2020-05-04 20:02:00
mgtower,2020-05-19 19:58:00
mgtower,2020-06-28 14:22:00
mgtower,2020-04-09 11:44:00
mgtower,2020-06-24 23:22:00
mgtower,2020-05-23 12:16:00
mgtower,2020-06-10 11:11:00
mgtower,2020-06-15 17:32:00
mgtower,2020-04-30 13:18:00
mgtower,2020-06-26 10:58:00
mgtower,2020-04-04 11:32:00
mgtower,2020-05-19 01:22:00
mgtower,2020-06-29 16:29:00
mgtower,2020-06-03 10:47:00
mgtower,2020-05-17 12:17:00
mgtower,2020-06-29 11:29:00
mgtower,2020-06-27 20:42:00
mgtower,2020-04-26 19:16:00
mgtower,2020-06-04 10:49:00
mgtower,2020-04-28 08:48:00
mgtower,2020-06-07 11:13:00
mgtower,2020-05-30 11:26:00
mgtower,2020-06-04 09:35:00
mgtower,2020-04-13 15:08:00
mgtower,2020-06-27 20:22:00
mgtower,2020-06-05 00:12:00
mgtower,2020-04-24 23:11:00
mgtower,2020-04-05 16:16:00
mgtower,2020-06-26 17:11:00
mgtower,2020-06-08 09:51:00
mgtower,2020-05-02 11:38:00
mgtower,2020-06-05 10:52:00
mgtower,2020-06-18 20:05:00
mgtower,2020-05-31 23:15:00
mgtower,2020-06-13 14:37:00
mgtowphilosopher,2020-06-26 05:02:00
mlb6d9,2020-06-18 22:36:00
mlb6d9,2020-05-13 22:33:00
mlb6d9,2020-05-11 22:37:00
mlb6d9,2020-05-11 22:33:00
mlb6d9,2020-05-29 22:56:00
mlb6d9,2020-06-17 04:09:00
pbisque,2020-04-04 17:56:00
pbisque,2020-06-24 12:36:00
pbisque,2020-04-04 04:33:00
rkspsm,2020-04-08 16:51:00
rkspsm,2020-04-06 22:20:00
rkspsm,2020-04-05 22:00:00
rkspsm,2020-04-08 09:06:00
rkspsm,2020-04-06 13:32:00
rkspsm,2020-04-03 00:01:00
rkspsm,2020-04-07 16:20:00
rkspsm,2020-04-05 14:41:00
rkspsm,2020-06-25 02:44:00
rkspsm,2020-06-25 15:25:00
rkspsm,2020-04-06 06:12:00
rkspsm,2020-04-08 06:08:00
rkspsm,2020-04-03 21:22:00
rkspsm,2020-04-02 00:40:00
rkspsm,2020-04-02 17:56:00
sam luis obispo,2020-06-28 04:09:00
sam luis obispo,2020-06-04 06:29:00
sam luis obispo,2020-05-18 04:14:00
sam luis obispo,2020-04-25 04:59:00
sam luis obispo,2020-04-19 03:45:00
sam luis obispo,2020-06-16 04:05:00
sam luis obispo,2020-04-30 22:36:00
sam luis obispo,2020-04-30 00:59:00
sam luis obispo,2020-04-23 04:04:00
sam luis obispo,2020-04-25 04:53:00
sam luis obispo,2020-05-11 23:44:00
sam luis obispo,2020-04-30 22:13:00
sam luis obispo,2020-04-16 13:04:00
sam luis obispo,2020-04-23 11:58:00
sam luis obispo,2020-05-29 04:08:00
sam luis obispo,2020-06-19 04:13:00
sam luis obispo,2020-06-21 02:59:00
sam luis obispo,2020-06-16 04:09:00
sam luis obispo,2020-05-11 00:45:00
sam luis obispo,2020-06-28 04:01:00
sam luis obispo,2020-04-24 04:23:00
sam luis obispo,2020-05-07 16:14:00
sam luis obispo,2020-06-06 07:31:00
sam luis obispo,2020-05-11 04:11:00
sam luis obispo,2020-05-15 02:58:00
sam luis obispo,2020-05-12 04:49:00
sam luis obispo,2020-04-23 03:48:00
sam luis obispo,2020-06-19 04:11:00
sam luis obispo,2020-05-15 03:00:00
sam luis obispo,2020-05-31 23:53:00
sam luis obispo,2020-05-18 04:21:00
sam luis obispo,2020-05-17 06:18:00
sam luis obispo,2020-05-30 06:23:00
sam luis obispo,2020-05-09 19:08:00
sam luis obispo,2020-06-18 22:21:00
sam luis obispo,2020-04-30 01:23:00
sam luis obispo,2020-05-18 04:24:00
sam luis obispo,2020-06-18 22:27:00
sam luis obispo,2020-06-16 04:15:00
sam luis obispo,2020-04-28 02:49:00
sam luis obispo,2020-04-29 21:31:00
sam luis obispo,2020-05-31 04:17:00
sam luis obispo,2020-06-06 07:37:00
sirreaper,2020-04-06 22:04:00
sirreaper,2020-05-02 17:21:00
stanmsl,2020-04-04 14:05:00
stanmsl,2020-04-26 14:06:00
stanmsl,2020-06-13 08:34:00
stanmsl,2020-04-05 09:21:00
stanmsl,2020-06-13 08:16:00
stanmsl,2020-05-04 18:54:00
stanmsl,2020-06-14 12:25:00
stanmsl,2020-04-05 15:54:00
stanmsl,2020-04-30 07:44:00
stanmsl,2020-04-06 13:21:00
stanmsl,2020-04-02 10:48:00
stanmsl,2020-05-20 12:11:00
stanmsl,2020-04-30 07:35:00
stanmsl,2020-05-24 13:00:00
stanmsl,2020-04-25 07:06:00
stanmsl,2020-04-18 06:19:00
stanmsl,2020-05-19 06:16:00
stanmsl,2020-06-20 04:51:00
stanmsl,2020-04-10 08:51:00
stanmsl,2020-04-13 20:25:00
stanmsl,2020-04-21 15:40:00
stanmsl,2020-04-13 06:49:00
stanmsl,2020-05-02 20:54:00
stanmsl,2020-06-13 08:30:00
suspiciouscrow,2020-04-09 16:02:00
suspiciouscrow,2020-04-19 19:13:00
suspiciouscrow,2020-04-26 15:51:00
suspiciouscrow,2020-04-01 11:59:00
suspiciouscrow,2020-05-18 12:29:00
suspiciouscrow,2020-05-11 10:54:00
suspiciouscrow,2020-04-25 14:44:00
suspiciouscrow,2020-04-14 11:20:00
suspiciouscrow,2020-04-28 15:00:00
suspiciouscrow,2020-04-28 15:07:00
suspiciouscrow,2020-05-18 12:42:00
suspiciouscrow,2020-04-03 17:27:00
suspiciouscrow,2020-04-08 11:33:00
suspiciouscrow,2020-04-17 11:48:00
suspiciouscrow,2020-04-30 07:43:00
suspiciouscrow,2020-04-14 16:37:00
suspiciouscrow,2020-04-19 11:54:00
suspiciouscrow,2020-04-15 20:05:00
suspiciouscrow,2020-04-15 19:52:00
suspiciouscrow,2020-04-01 19:32:00
suspiciouscrow,2020-04-08 18:25:00
suspiciouscrow,2020-04-09 06:25:00
suspiciouscrow,2020-04-16 17:20:00
suspiciouscrow,2020-04-21 20:00:00
suspiciouscrow,2020-04-26 11:42:00
suspiciouscrow,2020-04-13 17:46:00
suspiciouscrow,2020-04-07 19:53:00
suspiciouscrow,2020-04-13 09:53:00
suspiciouscrow,2020-04-29 15:59:00
suspiciouscrow,2020-04-19 11:42:00
suspiciouscrow,2020-05-11 10:47:00
suspiciouscrow,2020-04-16 17:26:00
suspiciouscrow,2020-04-07 12:52:00
suspiciouscrow,2020-04-09 06:11:00
suspiciouscrow,2020-04-24 12:36:00
suspiciouscrow,2020-04-13 09:47:00
suspiciouscrow,2020-04-26 18:44:00
suspiciouscrow,2020-04-14 08:35:00
tribune,2020-04-03 12:18:00
uglything87,2020-06-29 01:35:00
uglything87,2020-06-22 16:42:00
uglything87,2020-06-08 21:11:00
uglything87,2020-06-10 16:59:00
uglything87,2020-06-13 00:20:00
uglything87,2020-06-25 14:15:00
uglything87,2020-06-22 03:59:00
uglything87,2020-06-28 19:51:00
uglything87,2020-06-08 21:28:00
uglything87,2020-06-08 07:41:00
uglything87,2020-06-28 20:07:00
uglything87,2020-06-08 22:17:00
uglything87,2020-06-25 14:32:00
uglything87,2020-06-13 23:06:00
uglything87,2020-06-12 06:32:00
uglything87,2020-06-22 16:30:00
uglything87,2020-06-23 06:36:00
uglything87,2020-06-24 03:42:00
uglything87,2020-06-28 01:26:00
uglything87,2020-06-29 01:18:00
uglything87,2020-06-09 04:07:00
uglything87,2020-06-25 14:10:00
uglything87,2020-06-08 22:51:00
uglything87,2020-06-13 00:04:00
uglything87,2020-06-09 00:29:00
uglything87,2020-06-20 07:51:00
uglything87,2020-06-29 01:02:00
uglything87,2020-06-15 01:01:00
zagnuts,2020-04-17 03:05:00
